{
    "name": "Blog",
    "fields": [
        {
            "fieldName": "name",
            "fieldType": "String",
            "fieldValidateRules": [
                "required",
                "minlength"
            ],
            "fieldValidateRulesMinlength": 3
        },
        {
            "fieldName": "handle",
            "fieldType": "String",
            "fieldValidateRules": [
                "required",
                "minlength"
            ],
            "fieldValidateRulesMinlength": 2
        }
    ],
    "relationships": [
        {
            "relationshipType": "many-to-one",
            "relationshipName": "user",
            "otherEntityName": "user",
            "otherEntityField": "login"
        }
    ],
    "changelogDate": "20180626033449",
    "entityTableName": "blog",
    "dto": "no",
    "pagination": "no",
    "service": "no",
    "jpaMetamodelFiltering": false,
    "fluentMethods": true,
    "clientRootFolder": "",
    "applications": "*"
}