{
    "name": "Entry",
    "fields": [
        {
            "fieldName": "title",
            "fieldType": "String",
            "fieldValidateRules": [
                "required"
            ]
        },
        {
            "fieldName": "content",
            "fieldType": "byte[]",
            "fieldTypeBlobContent": "text",
            "fieldValidateRules": [
                "required"
            ]
        },
        {
            "fieldName": "date",
            "fieldType": "Instant",
            "fieldValidateRules": [
                "required"
            ]
        }
    ],
    "relationships": [
        {
            "relationshipType": "many-to-one",
            "relationshipName": "blog",
            "otherEntityName": "blog",
            "otherEntityField": "name"
        },
        {
            "relationshipType": "many-to-many",
            "otherEntityRelationshipName": "entry",
            "relationshipName": "tag",
            "otherEntityName": "tag",
            "otherEntityField": "name",
            "ownerSide": true
        }
    ],
    "changelogDate": "20180626033450",
    "entityTableName": "entry",
    "dto": "no",
    "pagination": "infinite-scroll",
    "service": "no",
    "jpaMetamodelFiltering": false,
    "fluentMethods": true,
    "clientRootFolder": "",
    "applications": "*"
}