{
    "name": "Tag",
    "fields": [
        {
            "fieldName": "name",
            "fieldType": "String",
            "fieldValidateRules": [
                "required",
                "minlength"
            ],
            "fieldValidateRulesMinlength": 2
        }
    ],
    "relationships": [
        {
            "relationshipType": "many-to-many",
            "relationshipName": "entry",
            "otherEntityName": "entry",
            "ownerSide": false,
            "otherEntityRelationshipName": "tag"
        }
    ],
    "changelogDate": "20180626033451",
    "entityTableName": "tag",
    "dto": "no",
    "pagination": "infinite-scroll",
    "service": "no",
    "jpaMetamodelFiltering": false,
    "fluentMethods": true,
    "clientRootFolder": "",
    "applications": "*"
}